Nome,Link Detalhes,Link Imagem
Alexandre’s Bar,https://comidadibuteco.com.br/buteco/alexandres-bar/,https://cdb-static-files.s3.amazonaws.com/wp-content/uploads/2025/03/19134138/alexandresbar_fabulosodiscao_bh_2025_isaquerodrigues_unibh-8111-scaled.jpg
Amarelim do Prado,https://comidadibuteco.com.br/buteco/amarelim-do-prado/,https://cdb-static-files.s3.amazonaws.com/wp-content/uploads/2025/03/19134238/amarelimdoprado_tremderocas_bh_2025_isaquerodrigues_unibh-7527-scaled.jpg
Andrade’s Beer,https://comidadibuteco.com.br/buteco/andrades-beer/,https://cdb-static-files.s3.amazonaws.com/wp-content/uploads/2025/03/19134640/andradesbeer_choracanelinha_bh_2025_rodneycosta_unibh-9247-scaled.jpg
Arcos Bar,https://comidadibuteco.com.br/buteco/arcos-bar/,https://cdb-static-files.s3.amazonaws.com/wp-content/uploads/2025/03/15051259/arcos_pratodadiversidade_bh_2025_rodneycosta_unibh-7624-scaled.jpg
Armazém Santa Amélia,https://comidadibuteco.com.br/buteco/armazem-santa-amelia/,https://cdb-static-files.s3.amazonaws.com/wp-content/uploads/2025/03/19135257/armazemsantaamelia_segredodoarmazem_bh_2025_isaquerodrigues_unibh-7616-scaled.jpg
Avalanche Espeteria,https://comidadibuteco.com.br/buteco/avalanche-espeteria/,https://cdb-static-files.s3.amazonaws.com/wp-content/uploads/2025/03/19140742/avalanche_milaomaluco_bh_2025_rodneycosta_unibh-8764-scaled.jpg
Azougue Fogo e Bar,https://comidadibuteco.com.br/buteco/azougue-fogo-e-bar/,https://cdb-static-files.s3.amazonaws.com/wp-content/uploads/2025/03/15051233/azougue_linguadevovovirinha_bh_2025_isaquerodrigues_unibh-7366-scaled.jpg
Baiuca,https://comidadibuteco.com.br/buteco/baiuca/,https://cdb-static-files.s3.amazonaws.com/wp-content/uploads/2025/03/19142244/baiuca_caneladasuina_bh_2025_rodneycosta_unibh-7505-scaled.jpg
Bar Bambú,https://comidadibuteco.com.br/buteco/3231-revision-v1/,https://cdb-static-files.s3.amazonaws.com/wp-content/uploads/2025/03/15051202/barbambu_camaraoquedorme_bh_2025_fernandaoliveira_unibh-8355-scaled.jpg
Bar Bendita Baderna,https://comidadibuteco.com.br/buteco/bar-bendita-baderna/,https://cdb-static-files.s3.amazonaws.com/wp-content/uploads/2025/03/19142754/benditabaderna_parabenscdb_bh_2025_rodneycosta_unibh-8203-scaled.jpg
Bar da Cíntia,https://comidadibuteco.com.br/buteco/bar-da-cintia/,https://cdb-static-files.s3.amazonaws.com/wp-content/uploads/2025/03/19142858/bardacinthia_linguabeba_bh_2025_rodneycosta_unibh-8675-scaled.jpg
Bar da Fia,https://comidadibuteco.com.br/buteco/bar-da-fia/,https://cdb-static-files.s3.amazonaws.com/wp-content/uploads/2025/03/15051142/bardafia_linguanorabo_bh_2025_rodneycosta_unibh-7352-scaled.jpg
Bar da Lu,https://comidadibuteco.com.br/buteco/bar-da-lu/,https://cdb-static-files.s3.amazonaws.com/wp-content/uploads/2025/03/19143046/bardalu_barrilmineiroso_bh_2025_rodneycosta_unibh-8734-scaled.jpg
Bar da Silvânia,https://comidadibuteco.com.br/buteco/bar-da-silvania/,https://cdb-static-files.s3.amazonaws.com/wp-content/uploads/2025/03/15050951/bardasilvania_otrembaumso_bh_2025_rodneycosta_unibh-8183-scaled.jpg
Bar do Bartolomeu,https://comidadibuteco.com.br/buteco/bar-do-bartolomeu/,https://cdb-static-files.s3.amazonaws.com/wp-content/uploads/2025/03/15051018/bardobartolomeu_bembolado_bh_2025_fernandaoliveira_unibh-8039-scaled.jpg
Bar do Bem,https://comidadibuteco.com.br/buteco/bar-do-bem/,https://cdb-static-files.s3.amazonaws.com/wp-content/uploads/2025/03/19143452/bardobem_furiosa_bh_2025_rodneycosta_unibh-9134-scaled.jpg
Bar do Kim,https://comidadibuteco.com.br/buteco/bar-do-kim/,https://cdb-static-files.s3.amazonaws.com/wp-content/uploads/2025/03/19143850/bardokim_musculoamodadokim_bh_2025_isaquerodrigues_unibh-9323-scaled.jpg
Bar do Nelson,https://comidadibuteco.com.br/buteco/bar-do-nelson/,https://cdb-static-files.s3.amazonaws.com/wp-content/uploads/2025/03/19145234/bardonelson_bolinhodeprata_bh_2025_amandacantanhede_unibh-9036-scaled.jpg
Bar do Primo,https://comidadibuteco.com.br/buteco/bar-do-primo/,https://cdb-static-files.s3.amazonaws.com/wp-content/uploads/2025/03/19145355/primo_costelinhadebuteco_bh_2025_isaquerodrigues_unibh-8526-scaled.jpg
Bar do Regis,https://comidadibuteco.com.br/buteco/24790-revision-v1/,https://cdb-static-files.s3.amazonaws.com/wp-content/uploads/2025/03/15050928/bardoregis_trilhademinas_bh_2025_amandacantanhede_unibh-8270-scaled.jpg
Bar do Romeu,https://comidadibuteco.com.br/buteco/5665-revision-v1/,https://cdb-static-files.s3.amazonaws.com/wp-content/uploads/2025/03/15050906/bardoromeu_penorabo_bh_2025_rodneycosta_unibh-7542-scaled.jpg
Bar dos Meninos,https://comidadibuteco.com.br/buteco/bar-dos-meninos/,https://cdb-static-files.s3.amazonaws.com/wp-content/uploads/2025/03/19145725/bardosmeninos_bodasdeprata_bh_2025_rodneycosta_unibh-8218-scaled.jpg
Bar Du Du,https://comidadibuteco.com.br/buteco/bar-du-du/,https://cdb-static-files.s3.amazonaws.com/wp-content/uploads/2025/03/16083316/bardudu_porcosemvergonha_bh_2025_isaquerodrigues_unibh-8899-scaled.jpg
Bar e Restaurante Bom Sabor,https://comidadibuteco.com.br/buteco/bar-e-restaurante-bom-sabor/,https://cdb-static-files.s3.amazonaws.com/wp-content/uploads/2025/03/24070354/restbomsabor_boracomemorar_bh_2025_amandacantanhede_unibh-9066-scaled.jpg
Bar e Restaurante do Joãozinho,https://comidadibuteco.com.br/buteco/bar-e-restaurante-do-joaozinho/,https://cdb-static-files.s3.amazonaws.com/wp-content/uploads/2025/03/24070652/bardojoaozinho_triomineiro_bh_2025_rodneycosta_unibh-7419-scaled.jpg
Bar Estabelecimento,https://comidadibuteco.com.br/buteco/bar-estabelecimento/,https://cdb-static-files.s3.amazonaws.com/wp-content/uploads/2025/03/07104420/barestabelecimento_tipracas_bh_2025_rodneycosta_unibh-8153-scaled.jpg
Bar Junto Juntinho,https://comidadibuteco.com.br/buteco/bar-junto-juntinho/,https://cdb-static-files.s3.amazonaws.com/wp-content/uploads/2025/03/10075811/barjuntojuntinho_poliamorculinario_bh_2025_rodneycosta_unibh-1725-1-1-scaled.jpg
Bar Mania Mineira,https://comidadibuteco.com.br/buteco/5668-revision-v1/,https://cdb-static-files.s3.amazonaws.com/wp-content/uploads/2025/03/15050748/maniamineira_explosaodesabores_bh_2025_fernandaoliveira_unibh-8088-scaled.jpg
Bar Pompéu,https://comidadibuteco.com.br/buteco/3135-revision-v1/,https://cdb-static-files.s3.amazonaws.com/wp-content/uploads/2025/03/15050703/pompeu_emasnume_bh_2025_rodneycosta_unibh-8144-scaled.jpg
Bar Stella,https://comidadibuteco.com.br/buteco/bar-stella/,https://cdb-static-files.s3.amazonaws.com/wp-content/uploads/2025/03/19150007/barstella_boibebum_bh_2025_amandacantanhede_unibh-7586-scaled.jpg
Bar Temático Sta. Teresa,https://comidadibuteco.com.br/buteco/bar-tematico-sta-teresa-2/,https://cdb-static-files.s3.amazonaws.com/wp-content/uploads/2025/03/15050630/tematico_cdb_25desucessoarrumado_bh_2025_rodneycosta_unibh-9084-scaled.jpg
Barrigudinha Buteco,https://comidadibuteco.com.br/buteco/barrigudinha-buteco/,https://cdb-static-files.s3.amazonaws.com/wp-content/uploads/2025/03/15050518/barrigudinha_bodasaopradoribaomolhorubi_bh_2025_rodneycosta_unibh-8195-scaled.jpg
Barzim dos amigos,https://comidadibuteco.com.br/buteco/barzim-dos-amigos/,https://cdb-static-files.s3.amazonaws.com/wp-content/uploads/2025/03/19150257/bardosamigos_porpetadebuteco_bh_2025_isaquerodrigues_unibh-7775-scaled.jpg
Bazin Bar,https://comidadibuteco.com.br/buteco/bazin-bar/,https://cdb-static-files.s3.amazonaws.com/wp-content/uploads/2025/03/19150411/bazim_bodasdeprata_bh_2025_rodneycosta_unibh-8388-scaled.jpg
Beco Restaurante,https://comidadibuteco.com.br/buteco/beco-restaurante/,https://cdb-static-files.s3.amazonaws.com/wp-content/uploads/2025/03/19150511/becorestaurante_ladicasa_bh_2025_fernandaoliveira_unibh-8137-scaled.jpg
Benjamin Bar,https://comidadibuteco.com.br/buteco/benjamin-bar/,https://cdb-static-files.s3.amazonaws.com/wp-content/uploads/2025/03/15050454/benjamin_boizimnomilharal_bh_2025_isaquerodrigues_unibh-7748-scaled.jpg
Boteco 86,https://comidadibuteco.com.br/buteco/boteco-86/,https://cdb-static-files.s3.amazonaws.com/wp-content/uploads/2025/03/19150606/boteco86_bolinhonordestino_bh_2025_isaquerodrigues_unibh-7714-scaled.jpg
Botequim Buritis,https://comidadibuteco.com.br/buteco/botequim-buritis/,https://cdb-static-files.s3.amazonaws.com/wp-content/uploads/2025/03/15050402/botequimburitis_butequeiro_bh_2025_isaquerodrigues_unibh-7665-scaled.jpg
Botequim de Lourdes,https://comidadibuteco.com.br/buteco/botequim-de-lurdes/,https://cdb-static-files.s3.amazonaws.com/wp-content/uploads/2025/03/19150737/butequimlourdes_rocamboledetorresmoquesoobutequimtem_bh_2025_rodneycosta_unibh-9228-scaled.jpg
Buteco do Lili,https://comidadibuteco.com.br/buteco/3151-autosave-v1/,https://cdb-static-files.s3.amazonaws.com/wp-content/uploads/2025/03/15050340/butecodolili_saboresdeprata_bh_2025_rodneycosta_unibh-8489-scaled.jpg
Buteco do Rod,https://comidadibuteco.com.br/buteco/buteco-do-rod/,https://cdb-static-files.s3.amazonaws.com/wp-content/uploads/2025/03/19150856/butecodorod_caneladebutequeiro_bh_2025_isaquerodrigues_unibh-8863-scaled.jpg
Buteco Tô D’Boa,https://comidadibuteco.com.br/buteco/buteco-to-dboa/,https://cdb-static-files.s3.amazonaws.com/wp-content/uploads/2025/03/19151018/butecotodeboa_paletasuinamineira_bh_2025_isaquerodrigues_unibh-7945-scaled.jpg
Buteco’s Bar,https://comidadibuteco.com.br/buteco/3145-revision-v1/,https://cdb-static-files.s3.amazonaws.com/wp-content/uploads/2025/03/15050320/butecosbar_nuhrachouminhacostela_bh_2025_rodneycosta_unibh-8662-scaled.jpg
Butiquim On Cê Tá?,https://comidadibuteco.com.br/buteco/butiquim-on-ce-ta/,https://cdb-static-files.s3.amazonaws.com/wp-content/uploads/2025/03/15050251/butequimonceta_almodegadamammatereza_bh_2025_isaquerodrigues_unibh-9021-scaled.jpg
Café Bahia,https://comidadibuteco.com.br/buteco/3147-revision-v1/,https://cdb-static-files.s3.amazonaws.com/wp-content/uploads/2025/03/15050158/cafebahia_trupiqueinobahia_bh_2025_amandacantanhede_unibh-9006-scaled.jpg
Café Palhares,https://comidadibuteco.com.br/buteco/3149-revision-v1/,https://cdb-static-files.s3.amazonaws.com/wp-content/uploads/2025/03/15050219/cafepalhares_polpetadeberingelacomdoisqueijos_bh_2025_fernandaoliveira_unibh-8289-scaled.jpg
Camisola Bar,https://comidadibuteco.com.br/buteco/camisola-bar/,https://cdb-static-files.s3.amazonaws.com/wp-content/uploads/2025/03/19151142/camisola_costelamineira_bh_2025_rodneycosta_unibh-7449-scaled.jpg
Canela Amarela,https://comidadibuteco.com.br/buteco/canela-amarela/,https://cdb-static-files.s3.amazonaws.com/wp-content/uploads/2025/03/19151248/canelaamarela_bolanarede_bh_2025_isaquerodrigues_unibh-9287-scaled.jpg
Cantina Arte Quintal,https://comidadibuteco.com.br/buteco/cantina-arte-quintal/,https://cdb-static-files.s3.amazonaws.com/wp-content/uploads/2025/03/19151606/cantinaartequinta_fraudinhaacachacaecerveja_bh_2025_isaquerodrigues_unibh-7690-scaled.jpg
Cantinho da Baiana,https://comidadibuteco.com.br/buteco/cantinho-da-baiana/,https://cdb-static-files.s3.amazonaws.com/wp-content/uploads/2025/03/19151713/cantinhodabaianamineirounos25_bh_2025_rodneycosta_unibh-8748-scaled.jpg
Casa da Madrinha,https://comidadibuteco.com.br/buteco/casa-da-madrinha/,https://cdb-static-files.s3.amazonaws.com/wp-content/uploads/2025/03/19151819/casadamadrinha_bemmineiro_bh_2025_amandacantanhede_unibh-8867-scaled.jpg
Cervejaria Pajé,https://comidadibuteco.com.br/buteco/cervejaria-paje/,https://cdb-static-files.s3.amazonaws.com/wp-content/uploads/2025/03/19151930/cervejariapaje_xukurukariri_bh_2025_mylenaizis_unibh-8027-scaled.jpg
Chapa Mágica,https://comidadibuteco.com.br/buteco/chapa-magica/,https://cdb-static-files.s3.amazonaws.com/wp-content/uploads/2025/03/19152044/chapamagica_incangadodeihameebancondadonabiu_bh_2025_amandacantanhede_unibh-8830-scaled.jpg
Choperia América Norte Sul,https://comidadibuteco.com.br/buteco/choperia-america-norte-sul/,https://cdb-static-files.s3.amazonaws.com/wp-content/uploads/2025/03/15050104/americanorteesul_tiragostoescondido_bh_2025_rodneycosta_unibh-7408-scaled.jpg
Chopp da Esquina,https://comidadibuteco.com.br/buteco/chopp-da-esquina/,https://cdb-static-files.s3.amazonaws.com/wp-content/uploads/2025/03/19152143/choppdaesquina_roledochopp_bh_2025_isaquerodrigues_unibh-8826-scaled.jpg
Companhia do Dino,https://comidadibuteco.com.br/buteco/companhia-do-dino/,https://cdb-static-files.s3.amazonaws.com/wp-content/uploads/2025/03/15050131/companhiadodino_barrigadodinoc_bh_2025_rodneycosta_unibh-7498-scaled.jpg
Conectados Bar,https://comidadibuteco.com.br/buteco/conectados-bar/,https://cdb-static-files.s3.amazonaws.com/wp-content/uploads/2025/03/19152240/conectadosbar_ajoelhouvaiterquerezar_bh_2025_amandacantanhede_unibh-8227-scaled.jpg
COSMOS,https://comidadibuteco.com.br/buteco/cosmos/,https://cdb-static-files.s3.amazonaws.com/wp-content/uploads/2025/03/15050033/cosmos_meteoroexplosaodesabores_bh_2025_rodneycosta_unibh-7483-scaled.jpg
Deck Boi na Brasa,https://comidadibuteco.com.br/buteco/deck-boi-na-brasa/,https://cdb-static-files.s3.amazonaws.com/wp-content/uploads/2025/03/19152342/deckboinabrasa_tulipadochefe_bh_2025_isaquerodrigues_unibh-9360-scaled.jpg
Dona Dora,https://comidadibuteco.com.br/buteco/dona-dora/,https://cdb-static-files.s3.amazonaws.com/wp-content/uploads/2025/03/19152435/donadora_boleco_bolodecuteco_bh_2025_rodneycosta_unibh-8708-scaled.jpg
Dona Ju Gastro Bar,https://comidadibuteco.com.br/buteco/dona-ju-gastro-bar/,https://cdb-static-files.s3.amazonaws.com/wp-content/uploads/2025/03/19152529/donajugastro_ju-elho_bh_2025_rodneycosta_unibh-7719-scaled.jpg
Dona Suica,https://comidadibuteco.com.br/buteco/3157-revision-v1/,https://cdb-static-files.s3.amazonaws.com/wp-content/uploads/2025/03/15045850/donasuica_pratodacasa_bh_2025_mylenaizis_unibh-9180-scaled.jpg
Ember BBQ,https://comidadibuteco.com.br/buteco/ember-bbq/,https://cdb-static-files.s3.amazonaws.com/wp-content/uploads/2025/03/15045825/embeer_cupimsertanejo_bh_2025_isaquerodrigues_unibh-7851-scaled.jpg
Espetinho do Boi,https://comidadibuteco.com.br/buteco/espetinho-do-boi/,https://cdb-static-files.s3.amazonaws.com/wp-content/uploads/2025/03/19152726/espetinhodoboi_brigadeirodoboi_bh_2025_rodneycosta_unibh-8501-scaled.jpg
Espetinhos do Paulão,https://comidadibuteco.com.br/buteco/espetinhos-do-paulao/,https://cdb-static-files.s3.amazonaws.com/wp-content/uploads/2025/03/19152839/espetinhodopaulao_vacafaladeira_bh_2025_rodneycosta_unibh-8425-scaled.jpg
Espettinho.com,https://comidadibuteco.com.br/buteco/espetinho-com/,https://cdb-static-files.s3.amazonaws.com/wp-content/uploads/2025/03/19153114/espettinhocom_mineirimgratinado_bh_2025_rodneycosta_unibh-9129-scaled.jpg
Fogão de Minas,https://comidadibuteco.com.br/buteco/fogao-de-minas/,https://cdb-static-files.s3.amazonaws.com/wp-content/uploads/2025/03/19153205/fogaodeminas_tropadeelite_bh_2025_rodneycosta_unibh-8509-scaled.jpg
Garagge Vintage,https://comidadibuteco.com.br/buteco/garagge-vintage/,https://cdb-static-files.s3.amazonaws.com/wp-content/uploads/2025/03/19153255/garaggevintage_baotambem_bh_2025_amandacantanhede_unibh-8958-scaled.jpg
Geraldin da Cida,https://comidadibuteco.com.br/buteco/geraldin-da-cida/,https://cdb-static-files.s3.amazonaws.com/wp-content/uploads/2025/03/19153406/geraldimdacida_soumineirouai_bh_2025_rodneycosta_unibh-8364-scaled.jpg
Golden Grill,https://comidadibuteco.com.br/buteco/golden-grill/,https://cdb-static-files.s3.amazonaws.com/wp-content/uploads/2025/03/15045801/goldengrill_costelaodosdeuses_bh_2025_rodneycosta_unibh-8167-scaled.jpg
Iracema Bar,https://comidadibuteco.com.br/buteco/iracema-bar/,https://cdb-static-files.s3.amazonaws.com/wp-content/uploads/2025/03/19153541/iracema_harumakidecarnedepanela_bh_2025_fernandaoliveira_unibh-8240-scaled.jpg
Ivo Grill,https://comidadibuteco.com.br/buteco/ivo-grill/,https://cdb-static-files.s3.amazonaws.com/wp-content/uploads/2025/03/15045738/ivogrill_kafajeste_bh_2025_mylenaizis_unibh-9216-scaled.jpg
Já To Inno,https://comidadibuteco.com.br/buteco/3165-revision-v1/,https://cdb-static-files.s3.amazonaws.com/wp-content/uploads/2025/03/15045650/jatoinno_moderacao_bh_2025_fernandaoliveira_unibh-8097-scaled.jpg
Juzé Bar,https://comidadibuteco.com.br/buteco/juze-bar/,https://cdb-static-files.s3.amazonaws.com/wp-content/uploads/2025/03/19153752/juze_abacaxedanoburacoquente_bh_2025_isaquerodrigues_unibh-8653-scaled.jpg
Köbes Emporium Bar,https://comidadibuteco.com.br/buteco/kobes-emporium-bar/,https://cdb-static-files.s3.amazonaws.com/wp-content/uploads/2025/03/19153848/kobes_asasdaimaginacao_bh_2025_isaquerodrigues_unibh-7787-scaled.jpg
Koqueiros Bar,https://comidadibuteco.com.br/buteco/3169-revision-v1/,https://cdb-static-files.s3.amazonaws.com/wp-content/uploads/2025/03/15045716/koqueiros_duvideimasamei_bh_2025_isaquerodrigues_unibh-7679-scaled.jpg
Lá Ele Bar,https://comidadibuteco.com.br/buteco/la-ele-bar/,https://cdb-static-files.s3.amazonaws.com/wp-content/uploads/2025/03/19154054/laele_peitimmoiado_bh_2025_rodneycosta_unibh-9100-scaled.jpg
Leo da Quadra,https://comidadibuteco.com.br/buteco/leo-da-quadra/,https://cdb-static-files.s3.amazonaws.com/wp-content/uploads/2025/03/19154147/leodaquadra_lembeosbeicos_bh_2025_rodneycosta_unibh-7632-scaled.jpg
Locomotiva’s Bar,https://comidadibuteco.com.br/buteco/locomotivas-bar-2/,https://cdb-static-files.s3.amazonaws.com/wp-content/uploads/2025/03/15045235/locomotivasbar_cumpimembreagadoetrouxa_bh_2025_amandacantanhede_unibh-8315-scaled.jpg
Magnífico Quintal,https://comidadibuteco.com.br/buteco/magnifico-quintal/,https://cdb-static-files.s3.amazonaws.com/wp-content/uploads/2025/03/15045339/magnifcoquinta_cocorico_bh_2025_isaquerodrigues_unibh-7756-scaled.jpg
Magrelo’s Bar,https://comidadibuteco.com.br/buteco/magrelos-bar-2/,https://cdb-static-files.s3.amazonaws.com/wp-content/uploads/2025/03/15045407/magrelos_amigosdopeito_bh_2025_isaquerodrigues_unibh-9303-scaled.jpg
Mamute Bar,https://comidadibuteco.com.br/buteco/mamute-gastrobar/,https://cdb-static-files.s3.amazonaws.com/wp-content/uploads/2025/03/19154240/mamute_ctadeparabens_bh_2025_mylenaizis_unibh-8079-scaled.jpg
Marina’s Bar,https://comidadibuteco.com.br/buteco/marinas-bar/,https://cdb-static-files.s3.amazonaws.com/wp-content/uploads/2025/03/19154422/marinas_essetremvoa_bh_2025_isaquerodrigues_unibh-7376-scaled.jpg
Mineiros Beer,https://comidadibuteco.com.br/buteco/mineiros-beer/,https://cdb-static-files.s3.amazonaws.com/wp-content/uploads/2025/03/19154514/mineirosbeer_costeladeromeu_bh_2025_isaquerodrigues_unibh-8592-scaled.jpg
Mulão,https://comidadibuteco.com.br/buteco/3177-revision-v1/,https://cdb-static-files.s3.amazonaws.com/wp-content/uploads/2025/03/15045206/mulao_mulle_bh_2025_fernandaoliveira_unibh-7464-scaled.jpg
Nosso Spetim,https://comidadibuteco.com.br/buteco/nosso-spetim/,https://cdb-static-files.s3.amazonaws.com/wp-content/uploads/2025/03/15045142/nonospetim_linguadedoisamores_bh_2025_isaquerodrigues_unibh-9340-scaled.jpg
O Fino do Alho,https://comidadibuteco.com.br/buteco/o-fino-do-alho/,https://comidadibuteco.com.br/wp-content/uploads/2025/03/ofinodoalho_sodeminas_bh_2025_isaquerodrigues_unibh-9054-scaled.jpg
Oratório Bar,https://comidadibuteco.com.br/buteco/oratorio-bar/,https://cdb-static-files.s3.amazonaws.com/wp-content/uploads/2025/03/19155430/oratoriobar_costeladeadao_bh_2025_amandacantanhede_unibh-8929-scaled.jpg
Parada 10.95 Bar,https://comidadibuteco.com.br/buteco/parada-10-95-bar/,https://cdb-static-files.s3.amazonaws.com/wp-content/uploads/2025/03/19155719/parada1095_bh_2025_amandacantanhede_unibh-8058-scaled.jpg
Parada do Sabor,https://comidadibuteco.com.br/buteco/parada-do-sabor/,https://cdb-static-files.s3.amazonaws.com/wp-content/uploads/2025/03/15045053/paradadosabor_coracaodoparada_bh_2025_isaquerodrigues_unibh-8637-scaled.jpg
Pé de Cana,https://comidadibuteco.com.br/buteco/pe-de-cana/,https://cdb-static-files.s3.amazonaws.com/wp-content/uploads/2025/03/19155918/pedecana_eprata_bh_2025_isaquerodrigues_unibh-7883-scaled.jpg
Pé de Goiaba,https://comidadibuteco.com.br/buteco/3179-revision-v1/,https://cdb-static-files.s3.amazonaws.com/wp-content/uploads/2025/03/15044957/pedegoiaba_bodasdeprata_bh_2025_isaquerodrigues_unibh-8633-scaled.jpg
Planeta Lúpulo,https://comidadibuteco.com.br/buteco/planeta-lupulo/,https://cdb-static-files.s3.amazonaws.com/wp-content/uploads/2025/03/19160104/planetalupulo_cestinhadasgerais_bh_2025_isaquerodrigues_unibh-8557-scaled.jpg
PoiZé Bar e Petisqueira,https://comidadibuteco.com.br/buteco/poize-bar-e-petisqueira/,https://cdb-static-files.s3.amazonaws.com/wp-content/uploads/2025/03/15045021/poize_aparecidinhodoze_bh_2025_rodneycosta_unibh-7767-scaled.jpg
Prado Beer,https://comidadibuteco.com.br/buteco/prado-beer/,https://cdb-static-files.s3.amazonaws.com/wp-content/uploads/2025/03/19160250/pradobeer_amontadinho_bh_2025_isaquerodrigues_unibh-8981-scaled.jpg
Prosa Boa,https://comidadibuteco.com.br/buteco/prosa-boa/,https://cdb-static-files.s3.amazonaws.com/wp-content/uploads/2025/03/19160333/prosaboa_roendoateoosso_bh_2025_rodneycosta_unibh-7476-scaled.jpg
Quinteiro Bar e Restaurante,https://comidadibuteco.com.br/buteco/quinteiro-bar-e-restaurante/,https://cdb-static-files.s3.amazonaws.com/wp-content/uploads/2025/03/19170230/quinteirobar_voucomermeubolo_bh_2025_isaquerodrigues_unibh-8588-scaled.jpg
Quioxque Botequim Carioca,https://comidadibuteco.com.br/buteco/quioxque-butiquim-carioca/,https://cdb-static-files.s3.amazonaws.com/wp-content/uploads/2025/03/19170333/quioxque_estamosdeparabens_bh_2025_isaquerodrigues_unibh-7820-scaled.jpg
Quitandas da Tia Nice Bar,https://comidadibuteco.com.br/buteco/quitandas-da-tia-nice-bar/,https://cdb-static-files.s3.amazonaws.com/wp-content/uploads/2025/03/15044911/quitandatianice_queceque_bh_2025_rodneycosta_unibh-7389-scaled.jpg
Rancho do Manoel,https://comidadibuteco.com.br/buteco/rancho-do-manoel/,https://cdb-static-files.s3.amazonaws.com/wp-content/uploads/2025/03/19171029/ranchodomanoel_trembaoso_bh_2025_rodneycosta_unibh-7453-scaled.jpg
Recanto Vovó Tela,https://comidadibuteco.com.br/buteco/5701-revision-v1/,https://cdb-static-files.s3.amazonaws.com/wp-content/uploads/2025/03/15044845/recantovovotela_de2510tmj_bh_2025_rodneycosta_unibh-9209-scaled.jpg
Regis Bar,https://comidadibuteco.com.br/buteco/regis-bar/,https://cdb-static-files.s3.amazonaws.com/wp-content/uploads/2025/03/15044821/regisbar_trioparadadura_bh_2025_isaquerodrigues_unibh-8785-scaled.jpg
Rei do Peixe,https://comidadibuteco.com.br/buteco/rei-do-peixe/,https://cdb-static-files.s3.amazonaws.com/wp-content/uploads/2025/03/10074117/oreidopeixe_bolinhobodasdeprata_bh_2025_rodneycosta_unibh-9259-scaled.jpg
Resenha da Naty,https://comidadibuteco.com.br/buteco/resenha-da-naty/,https://cdb-static-files.s3.amazonaws.com/wp-content/uploads/2025/03/15044659/resenhadanaty_trembaumdemasso_bh_2025_isaquerodrigues_unibh-8123-scaled.jpg
Restaurante Jorge Americano,https://comidadibuteco.com.br/buteco/restaurante-jorge-americano/,https://cdb-static-files.s3.amazonaws.com/wp-content/uploads/2025/03/15044742/jorgeamericano_rabadadojorge__bh_2025_isaquerodrigues_unih-7967-scaled.jpg
S.O.S PUB,https://comidadibuteco.com.br/buteco/s-o-s-pub/,https://cdb-static-files.s3.amazonaws.com/wp-content/uploads/2025/03/15044605/sospub_socorrodomineiro_bh_2025_amandacantanhede_unibh-8010-scaled.jpg
Santa Boemia,https://comidadibuteco.com.br/buteco/santa-boemia/,https://cdb-static-files.s3.amazonaws.com/wp-content/uploads/2025/03/19171327/santaboemia_sextoubb_bh_2025_rodneycosta_unibh-7592-scaled.jpg
Santuário Retrô,https://comidadibuteco.com.br/buteco/santuario-retro/,https://cdb-static-files.s3.amazonaws.com/wp-content/uploads/2025/03/15044516/santuarioretro_presentimretro_bh_2025_rodneycosta_unibh-8779-scaled.jpg
Seu Braz,https://comidadibuteco.com.br/buteco/seu-braz/,https://cdb-static-files.s3.amazonaws.com/wp-content/uploads/2025/03/15044541/seubraz_contrafileflambadonacachaca_bh_2025_isaquerodrigues_unibh-7921-scaled.jpg
Silvio’s Bar,https://comidadibuteco.com.br/buteco/silvios-bar/,https://cdb-static-files.s3.amazonaws.com/wp-content/uploads/2025/03/19171521/silviosbar_frangonia_bh_2025_rodneycosta_unibh-7982-scaled.jpg
Sinhá Erozitha Bistrôteco,https://comidadibuteco.com.br/buteco/sinha-erozitha-bistroteco/,https://cdb-static-files.s3.amazonaws.com/wp-content/uploads/2025/03/19171610/sinhaerozitha_elasquera_bh_2025_isaquerodrigues_unibh-8251-scaled.jpg
Sô Bar,https://comidadibuteco.com.br/buteco/so-bar/,https://cdb-static-files.s3.amazonaws.com/wp-content/uploads/2025/03/15044420/sobar_somio_bh_2025_rodneycosta_unibh-8449-scaled.jpg
Spetim,https://comidadibuteco.com.br/buteco/spetim/,https://cdb-static-files.s3.amazonaws.com/wp-content/uploads/2025/03/19171715/spetim_tanabocadopovo_bh_2025_rodneycosta_unibh-7565-scaled.jpg
Tanganica Art Bar,https://comidadibuteco.com.br/buteco/tanganica-art-bar/,https://cdb-static-files.s3.amazonaws.com/wp-content/uploads/2025/03/15044450/tanganica_veganocolorido_bh_2025_isaquerodrigues_unibh-7903-scaled.jpg
The Butcher,https://comidadibuteco.com.br/buteco/the-butcher/,https://cdb-static-files.s3.amazonaws.com/wp-content/uploads/2025/03/19171820/thebutcher_paneladeprata_bh_2025_rodneycosta_unibh-8006-scaled.jpg
Toca do Ogro,https://comidadibuteco.com.br/buteco/toca-do-ogro/,https://cdb-static-files.s3.amazonaws.com/wp-content/uploads/2025/03/19171927/tocadoogro_ripadeprata_bh_2025_rodneycosta_unibh-9147-scaled.jpg
Toninho – Alto Forno,https://comidadibuteco.com.br/buteco/5706-revision-v1/,https://cdb-static-files.s3.amazonaws.com/wp-content/uploads/2025/03/15044346/toninhoaltoforno_joelhodalili_bh_2025_rodneycosta_unibh-8417-scaled.jpg
Tropeiro do Lisboa,https://comidadibuteco.com.br/buteco/tropeiro-do-lisboa/,https://cdb-static-files.s3.amazonaws.com/wp-content/uploads/2025/03/15044322/tropeirolisboa_caldeiraodomiion_bh_2025_rodneycosta_unibh-7990-scaled.jpg
Us Motoca,https://comidadibuteco.com.br/buteco/3187-revision-v1/,https://cdb-static-files.s3.amazonaws.com/wp-content/uploads/2025/03/15044259/usmotoca_bodasdeprata_bh_2025_mylenaizis_unibh-9157-scaled.jpg
Xambar,https://comidadibuteco.com.br/buteco/xambar/,https://cdb-static-files.s3.amazonaws.com/wp-content/uploads/2025/03/19172132/xambar_minerimorienta_bh_2025_isaquerodrigues_unibh-7522-scaled.jpg
Xico da Kafua,https://comidadibuteco.com.br/buteco/xico-da-kafua/,https://cdb-static-files.s3.amazonaws.com/wp-content/uploads/2025/03/15044033/xicodacafua_penaareia_bh_2025_rodneycosta_unibh-8478-scaled.jpg
Xico do Churrasco,https://comidadibuteco.com.br/buteco/xico-do-churrasco/,https://cdb-static-files.s3.amazonaws.com/wp-content/uploads/2025/03/15044005/xicodochurrasco_xicobalaio_bh_2025_isaquerodrigues_unibh-7860-scaled.jpg
Zé Bolacha,https://comidadibuteco.com.br/buteco/ze-bolacha/,https://comidadibuteco.com.br/wp-content/uploads/2025/03/zebolacha_rabico_bh_2025_isaquerodrigues_unibh-9275-scaled.jpg
Zoo Bar,https://comidadibuteco.com.br/buteco/zoo-bar/,https://cdb-static-files.s3.amazonaws.com/wp-content/uploads/2025/03/19172539/zoobar_canjiquinhadavovo_bh_2025_isaquerodrigues_unibh-8303-scaled.jpg
