Nome,Link Detalhes,Nome Petisco,Descricao,Endereco,Complemento
Alexandre’s Bar,https://comidadibuteco.com.br/buteco/alexandres-bar/,O fabuloso discão,Polpetone com recheio de muçarela acompanhada com caponata de berinjela e abobrinha.,"Rua David Alves do Vale, 68 | Santa Rosa, Belo Horizonte – MG",Loja 01
Amarelim do Prado,https://comidadibuteco.com.br/buteco/amarelim-do-prado/,Trem de roças,"Bochecha de porco na cama de angu mole, pesto de horta, mandioca e agrião. Acompanha pão e patê de fígado de galinha.","Avenida Francisco Sá, 658 | Prado, Belo Horizonte – MG",
Andrade’s Beer,https://comidadibuteco.com.br/buteco/andrades-beer/,Chora canelinha,"Ossobuco com purê de batatas, acompanhado de torradas de alho-poró.","Rua Dona Geni, 32 | Jardim Florência (Venda Nova), Belo Horizonte – MG",
Arcos Bar,https://comidadibuteco.com.br/buteco/arcos-bar/,Panela da Diversidade,"Acém cozido com ervas finas, acompanhado com batata rústica.","Rua da Bahia, 1144 | Centro, Belo Horizonte – MG",Loja 5
Armazém Santa Amélia,https://comidadibuteco.com.br/buteco/armazem-santa-amelia/,Segredo do Armazém,"Polenta cremosa com ragu de carnes cheio de sabor, agrião fresco, crispy de parmesão e um toque secreto para abrilhantar as Bodas de Prata do Comida di Buteco.","Avenida da Sinfonia, 253 | Santa Amélia, Belo Horizonte – MG",
Avalanche Espeteria,https://comidadibuteco.com.br/buteco/avalanche-espeteria/,Milão Maluco,"Ossobuco cozido ao molho tradicional, acompanhado com purê de batata e farofinha da casa.","Avenida Doutor Álvaro Camargos, 1113 | São João Batista, Belo Horizonte – MG",
Azougue Fogo e Bar,https://comidadibuteco.com.br/buteco/azougue-fogo-e-bar/,Língua da vovó Virinha,"Língua de boi assada, sobre creme de batata e milho com vinagrete mineiro e redução do caldo da própria língua com cerveja.","Rua do Ouro, 835 | Serra, Belo Horizonte – MG",Loja 835
Baiuca,https://comidadibuteco.com.br/buteco/baiuca/,Canelada Suína,"Panturrilha suína, mandioca cozida com queijo e manteiga, cebola assada e crispy de couve.","Rua Piauí, 1884 | Funcionários, Belo Horizonte – MG",
Bar Bambú,https://comidadibuteco.com.br/buteco/3231-revision-v1/,Camarão que dorme?,Batata recheada com strogonoff de camarão.,"Rua Divisa Nova, 670 | Salgado Filho, Belo Horizonte – MG",
Bar Bendita Baderna,https://comidadibuteco.com.br/buteco/bar-bendita-baderna/,PARABÉNS CDB,"Coxinhas recheadas para todos os gostos, massa de abóbora com recheio de frango com quiabo, massa de mandioca com recheio de carne de lata (suína) e massa de beterraba com recheio de alho-poró com queijo canastra.","Rua Silva Fortes, 47 | União, Belo Horizonte – MG",Loja 6
Bar da Cíntia,https://comidadibuteco.com.br/buteco/bar-da-cintia/,Língua bêbada,"Língua marinada na cerveja Caracu, cheiro-verde, mandioca cozida na manteiga de garrafa.","Rua Pastor Rui Franco, 257 | São João Batista (Venda Nova), Belo Horizonte – MG",
Bar da Fia,https://comidadibuteco.com.br/buteco/bar-da-fia/,Língua no rabo,"Língua bovina com rabada, servida com polenta, quiabo frito e agrião.","Rua dos Astecas, 2722 | Santa Mônica, Belo Horizonte – MG",
Bar da Lu,https://comidadibuteco.com.br/buteco/bar-da-lu/,Barril Mineiro Sô,"Ossobuco marinado com ervas finas e vinho tinto, acompanhado de polenta coberta com queijo parmesão e muçarela gratinada, crispy de mostarda e torresminho pururuca.","Rua Geralda Marinho, 41 | São João Batista (Venda Nova), Belo Horizonte – MG",
Bar da Silvânia,https://comidadibuteco.com.br/buteco/bar-da-silvania/,"Õ trem bão, sô",Maçã de peito com mandioquinha e torradas de pão francês.,"Rua Soares Nogueira, 801 | Camargos, Belo Horizonte – MG",
Bar do Bartolomeu,https://comidadibuteco.com.br/buteco/bar-do-bartolomeu/,"Bem Bolado, Uai!!",Bolinho de rabada com catupiry e alho-poró. Acompanhado com molho da casa e molho de geleia de pimenta.,"Rua Arthur Luchesi, 356 | Santa Helena (Barreiro), Belo Horizonte – MG",
Bar do Bem,https://comidadibuteco.com.br/buteco/bar-do-bem/,A Furiosa,"Miolo de acém cozido na cerveja e tempero da casa, servido com torradas feitas na manteiga e ervas, pão de queijo assado e pastel de vento.","RUA VICENTINA COUTINHO CAMARGOS, 100, BELO HORIZONTE – MG",LOJA 1 E 2
Bar do Kim,https://comidadibuteco.com.br/buteco/bar-do-kim/,Músculo à moda Kim!,"Músculo bovino acompanhado de champignon, acompanhado de torradas.","Rua Júlio de Castilho, 1071 | Palmeiras, Belo Horizonte – MG",
Bar do Nelson,https://comidadibuteco.com.br/buteco/bar-do-nelson/,Bolinho de prata,Bolinho de feijoada na cama de couve crispy.,"Avenida Vicente Risola, 1000 | Santa Inês, Belo Horizonte – MG",
Bar do Primo,https://comidadibuteco.com.br/buteco/bar-do-primo/,Custelinha di Buteco,Costelinha com batata e queijo ao molho branco.,"Avenida Amazonas, 4649 | Nova Suíça, Belo Horizonte – MG",
Bar do Regis,https://comidadibuteco.com.br/buteco/24790-revision-v1/,Trilhas de Minas,"Almôndegas ao molho de tomates, servidas com polenta.","Rua Gávea, 422 | Jardim América, Belo Horizonte – MG",
Bar do Romeu,https://comidadibuteco.com.br/buteco/5665-revision-v1/,Pé no Rabo,"Rabada com pé de porco acompanhada de farofa de abacaxi, geleia de pimenta e torradinha.","Rua Aniri, 8 | Guarani, Belo Horizonte – MG",
Bar dos Meninos,https://comidadibuteco.com.br/buteco/bar-dos-meninos/,Bodas de prata,"Costelinha suína, marinada em vinho tinto, servida com mostarda em folhas, acompanhada de creme de batata.","Rua Lindolfo Deodoro, 503 | Salgado Filho, Belo Horizonte – MG",A
Bar Du Du,https://comidadibuteco.com.br/buteco/bar-du-du/,Porco sem vergonha,"Picadinho de carne de porco ao molho, acompanhado de um creme de batata.","Rua Violeta, 369 | Esplanada, Belo Horizonte – MG",
Bar e Restaurante Bom Sabor,https://comidadibuteco.com.br/buteco/bar-e-restaurante-bom-sabor/,Bora Comemorar,"Fraldinha de boi recheada com carne moída de porco, bacon e muçarela, assado na churrasqueira. Acompanhado de farofa e vinagrete.","Rua Java, 386 | Nova Suíça, Belo Horizonte – MG",Loja A
Bar e Restaurante do Joãozinho,https://comidadibuteco.com.br/buteco/bar-e-restaurante-do-joaozinho/,Trio Mineiro,"Quarteto: carne de lata bovina frita, torresmo pururuca, queijo temperado à moda da casa, molho de alho-poró.","Rua Pinheiro Chagas, 295 | Barreiro, Belo Horizonte – MG",Loja 2 e 3
Bar Estabelecimento,https://comidadibuteco.com.br/buteco/bar-estabelecimento/,Tipracas,"Pelotas de rabada com angu de agrião em molho de tomate com cebola e tipracas (tipo bolachas feitas com arroz, feijão roxinho, queijo e especiarias.)","Rua Monte Alegre, 160 | Serra, Belo Horizonte – MG",
Bar Junto Juntinho,https://comidadibuteco.com.br/buteco/bar-junto-juntinho/,Poliamor Culinário,"Costelinha de porco combinada com um purê de mandioca feito com manteiga de garrafa e queijo parmesão, acompanhado de couve crispy e geleia de abacaxi apimentada.","Rua Cura D’Ars, 542 | Prado, Belo Horizonte – MG",
Bar Mania Mineira,https://comidadibuteco.com.br/buteco/5668-revision-v1/,Explosão de Sabor,Bolinho de mandioca recheado com queijo.,"Rua Paracatu, 1099 | Santo Agostinho, Belo Horizonte – MG",
Bar Pompéu,https://comidadibuteco.com.br/buteco/3135-revision-v1/,É mas num é,"Iscas de filé de frango empanadas nos flocos de arroz, regado ao molho de alho-poró e cream cheese. Acompanha batata frita canoa e molho agridoce de goiabada.","Rua São Miguel, 779 | Itapoã, Belo Horizonte – MG",Antigo 1243
Bar Stella,https://comidadibuteco.com.br/buteco/bar-stella/,Boi bebum,"Maçã de peito ao molho de vinho, acompanhada de farofa d’água e mandioca na manteiga de garrafa.","Avenida Saramenha, 1599 | Guarani, Belo Horizonte – MG",
Bar Temático Sta. Teresa,https://comidadibuteco.com.br/buteco/bar-tematico-sta-teresa-2/,#CDB – 25 anos de sucesso – Arrumado,"Carne de sol, feijão-de-corda, farofa e vinagrete e manteiga de garrafa.","Rua Pirite, 187 | Santa Teresa, Belo Horizonte – MG",Atrás do Mercado Distrital Sta. Tereza
Barrigudinha Buteco,https://comidadibuteco.com.br/buteco/barrigudinha-buteco/,Bodas no prato: Rib ao molho Rubi,Costelinha de porco ao molho rubi.,"Avenida dos Engenheiros, 1071 | Alípio de Melo, Belo Horizonte – MG",
Barzim dos amigos,https://comidadibuteco.com.br/buteco/barzim-dos-amigos/,Porpeta de Buteco,Almôndegas ao sugo com batata recheada.,"Rua Lindolfo de Azevedo, 1263 | Jardim América, Belo Horizonte – MG",
Bazin Bar,https://comidadibuteco.com.br/buteco/bazin-bar/,Bodas de Prata,Carne de panela acompanhada de angu e ora-pro-nóbis.,"Rua Orozimbo Nonato, 1053 | Dona Clara, Belo Horizonte – MG",Loja 3 e 4
Beco Restaurante,https://comidadibuteco.com.br/buteco/beco-restaurante/,Lá di Casa,"Carne bovina cozida na panela de pressão e reduzida no molho à base demi glace. Acompanha nosso creme de mandioca caseira, farofa crocante de panko e crispy de couve.","Rua Tamoios, 232 | Centro, Belo Horizonte – MG",
Benjamin Bar,https://comidadibuteco.com.br/buteco/benjamin-bar/,Boizinho no milharal,"Costela bovina regada no molho roti, acompanhada de quirera de milho com queijo canastra meia cura e milho verde cozido.","Rua Coronel José Benjamim, 770 | Padre Eustáquio, Belo Horizonte – MG",Praça Geraldo Torres
Boteco 86,https://comidadibuteco.com.br/buteco/boteco-86/,Bolinho Nordestino,Bolinho de aipim com carne seca e requeijão.,"Rua Jacarina, 86 | Padre Eustáquio, Belo Horizonte – MG",
Botequim Buritis,https://comidadibuteco.com.br/buteco/botequim-buritis/,Butequeiro 25,"Lombinho suíno na lata, acompanhado de mandioquinha frita ao molho cremoso raiz.","Rua Vitório Magnavaca, 39 | Buritis, Belo Horizonte – MG",
Botequim de Lourdes,https://comidadibuteco.com.br/buteco/botequim-de-lurdes/,Rocambole de Torresmo que só no Botequim tem,"Torresmo de barriga marinado na cachaça, servido com palitinhos de tapioca e geleia de abacaxi com pimenta e canela.","Rua Curitiba, 2039 | Lourdes, Belo Horizonte – MG",
Buteco do Lili,https://comidadibuteco.com.br/buteco/3151-autosave-v1/,Sabores de Prata,"Fraldinha de panela ao molho roti, acompanhada de batata ao murro e pães de queijo fritos.","Rua Líbero Badaró, 493 | Dona Clara, Belo Horizonte – MG",
Buteco do Rod,https://comidadibuteco.com.br/buteco/buteco-do-rod/,Canela di Butequêro,"Cambito suíno ao molho de cerveja preta, acima de uma polenta temperada com páprica defumada e espinafre, acompanhado de farofa panko com bacon, finalizado com queijo gouda derretidinho.","Rua José Moura Peçanha, 12 | Ouro Preto, Belo Horizonte – MG",
Buteco Tô D’Boa,https://comidadibuteco.com.br/buteco/buteco-to-dboa/,Paleta Suína Mineira,"Paleta suína marinada com molho especial e cerveja preta, acompanhada de farofa de bacon crocante, banana-da-terra caramelizada e finalizada com cheiro-verde.","Avenida Virgílio de Melo Franco, 400 | Jardim Atlântico, Belo Horizonte – MG",
Buteco’s Bar,https://comidadibuteco.com.br/buteco/3145-revision-v1/,Nuuuu…quebrou minha costelinha!,"Porpeta de costelinha com bacon assada, recheada com queijo minas, regada ao molho roti, em cama de canjiquinha, acompanhada de quiabo e molho pesto de couve e coentro.","Rua Ernesto Braga, 2 | Jardim Atlântico, Belo Horizonte – MG",Lj 02
Butiquim On Cê Tá?,https://comidadibuteco.com.br/buteco/butiquim-on-ce-ta/,Almôndega da Mamma Tereza,"Almôndega ao molho de tomate, recheada com queijo. Acompanha rodelas de pão francês.","Avenida Gen. Olímpio Mourão Filho, 754 | Itapoã, Belo Horizonte – MG",
Café Bahia,https://comidadibuteco.com.br/buteco/3147-revision-v1/,Trupiquei no Bahia,"Defumados de porco e carne de sol no feijão-vermelho, pelinha crocante, polentinha mineira e mostarda refogada.","Rua Tupis, 369 | Centro, Belo Horizonte – MG",
Café Palhares,https://comidadibuteco.com.br/buteco/3149-revision-v1/,Polpeta de Berinjela com Dois Queijos,"Polpetas de berinjela com queijo parmesão, muçarela, manjericão e salsinha. Servidas com pasta de grão-de-bico.","Rua dos Tupinambás, 638 | Centro, Belo Horizonte – MG",
Camisola Bar,https://comidadibuteco.com.br/buteco/camisola-bar/,Costela Mineira,"Costela de boi cozida na cerveja preta, acompanhada com um purê de mandioca com queijo.","Rua Luther King, 242 | Cidade Nova, Belo Horizonte – MG",
Canela Amarela,https://comidadibuteco.com.br/buteco/canela-amarela/,Bola na Rede,"Almôndegas bovinas sobre a cama de creme de queijos, acompanhadas de torradas de pão de alho e finalizada com tomatinho e manjericão. Acompanha molho da casa.","Praça Leonardo Gutierrez, 195 | Gutierrez, Belo Horizonte – MG",Loja 20
Cantina Arte Quintal,https://comidadibuteco.com.br/buteco/cantina-arte-quintal/,Fraldinha Assada na Cachaça e Cerveja,"Fraldinha assada flambada na cachaça e cerveja com calda de maracujá, farofa de alho-poró e banana frita curtida ao bacon.","Rua Realengo, 150 | Caiçara, Belo Horizonte – MG",
Cantinho da Baiana,https://comidadibuteco.com.br/buteco/cantinho-da-baiana/,Mineirou nos 25,"Tiras de galeto, envoltas em casquinha crocante de queijo parmesão. Acompanhados por creme de bacon crispy.","Avenida Itaité, 422 | São Geraldo, Belo Horizonte – MG",
Casa da Madrinha,https://comidadibuteco.com.br/buteco/casa-da-madrinha/,Bem Mineiro,Polenta crocante com ragu de frango com quiabo e o toque inconfundível do queijo minas.,"Avenida Barbacena, 212 | Barro Preto, Belo Horizonte – MG",Loja 7
Cervejaria Pajé,https://comidadibuteco.com.br/buteco/cervejaria-paje/,XUKURU KARIRI,"Amassado de mandioca amarela, temperada e recheada com bacon e queijo, acompanhado de calda de abacaxi ‘smooth Cayenne’ e molho ‘Buffalo’ picante.","Avenida Capim Branco, 419 | Vista Alegre, Belo Horizonte – MG",
Chapa Mágica,https://comidadibuteco.com.br/buteco/chapa-magica/,Incangado de inhame com bacon dona Biu,Purê de inhame com bacon.,"Avenida Waldomiro Lobo, 305 | Guarani, Belo Horizonte – MG",
Choperia América Norte Sul,https://comidadibuteco.com.br/buteco/choperia-america-norte-sul/,Tira gosto escondido,"Pastel recheado com carne bovina defumada e desfiada, muçarela, palmito, cebola, azeitona, requeijão. Acompanha molho da casa e salada de agrião e tomate.","Rua Chico Rei, 190 | Estrela do Oriente, Belo Horizonte – MG",
Chopp da Esquina,https://comidadibuteco.com.br/buteco/chopp-da-esquina/,Rolê do Chopp,"Bife a rolê, acompanha farofa de torresmo.","Rua Garret, 263 | Nova Granada, Belo Horizonte – MG",
Companhia do Dino,https://comidadibuteco.com.br/buteco/companhia-do-dino/,Barriga do Dino,Barriga frita com geleia de pimenta e mandioca na manteiga de garrafa.,"Avenida Joaquim Clemente, 682 | Floramar, Belo Horizonte – MG",
Conectados Bar,https://comidadibuteco.com.br/buteco/conectados-bar/,"Ajoelhou, vai ter que rezar!","Cozido de joelho de porco e pernil com especiarias, servido sobre creme de mandioca ao alho, acompanhado de farofa de milho amanteigado e banana-da-terra.","Avenida Francisco Sá, 280 | Prado, Belo Horizonte – MG",
COSMOS,https://comidadibuteco.com.br/buteco/cosmos/,Meteoro – Explosão de sabores,"Tiras de picanha, alcatra e maminha ao molho de cerveja preta, com batata tipo chips e creme de alho.","Avenida Vicente Risola, 1305 | Santa Inês, Belo Horizonte – MG",
Deck Boi na Brasa,https://comidadibuteco.com.br/buteco/deck-boi-na-brasa/,Tulipa do Cheff,"Tulipas de frango assadas na brasa, envolvidas em um molho agridoce da casa com um toque de goiabada, servidas com minibatatas rústicas e banana-da-terra mini fritas, regadas ao molho de ervas.","Rua Desembargador José Satyro, 302 | Castelo, Belo Horizonte – MG",Loja 05 e 06
Dona Dora,https://comidadibuteco.com.br/buteco/dona-dora/,Boleco (Bolo di Buteco),"Purê rústico de mandioca com ragu de alcatra, fonduta de queijo canastra e crispy de couve.","Rua Rio de Janeiro, 1205 | Centro, Belo Horizonte – MG",
Dona Ju Gastro Bar,https://comidadibuteco.com.br/buteco/dona-ju-gastro-bar/,Jú-elhoo,"Joelho de porco marinado em especiarias, cozido na cerveja e acompanhado de angu de milho verde e couve passada no azeite. E ambrosia de sobremesa para comemorar os 25 anos do CDB.","Estrada dos Borges, 1520 | Jardim Vitória, Belo Horizonte – MG",Loja 03
Dona Suica,https://comidadibuteco.com.br/buteco/3157-revision-v1/,Prata da Casa,"Sobrecoxa desossada e assada, polenta de milho verde com bacon e queijo e farofinha com quiabo grelhado.","Rua João Samaha, 390 | São João Batista (Venda Nova), Belo Horizonte – MG",
Ember BBQ,https://comidadibuteco.com.br/buteco/ember-bbq/,Cupim Sertanejo,"Cupim defumado em lenha de macieira. Servido sobre angu de milho verde com queijo minas, acompanhado de couve crispy e pimenta jalapeño.","Rua São Romão, 460 | São Pedro, Belo Horizonte – MG",
Espetinho do Boi,https://comidadibuteco.com.br/buteco/espetinho-do-boi/,Brigadeiro do Boi,Almôndega selada no forno com cobertura de queijo ao molho especial.,"Rua Professor Tristão da Cunha, 183 – Planalto, Belo Horizonte – MG",
Espetinhos do Paulão,https://comidadibuteco.com.br/buteco/espetinhos-do-paulao/,Vaca Faladeira,"Língua de boi recheada com bacon e cenoura ao molho madeira. Acompanha dois minipães italianos recheados com vinagrete de tomate, cebola temperada com chimichurri de limão e azeite, com muçarela gratinada e manjericão desidratado.","Rua Álvaro Mata, 466 | Nova Cachoeirinha, Belo Horizonte – MG",
Espettinho.com,https://comidadibuteco.com.br/buteco/espetinho-com/,Mineirinho Gratinado 2.5,Almôndegas suínas gratinadas com molho de tomate caseiro e muçarela. Acompanha 1 Espetinho de ‘Sacanagem’ e um licor de doce de leite de entrada.,"Rua Eli Seabra Filho, 510 | Buritis, Belo Horizonte – MG",Lojas 05 e 07
Fogão de Minas,https://comidadibuteco.com.br/buteco/fogao-de-minas/,Tropa de Elite,Petisco de tropeiro.,"Avenida Doutor Cristiano Guimarães, 1911 | Planalto, Belo Horizonte – MG",
Garagge Vintage,https://comidadibuteco.com.br/buteco/garagge-vintage/,Bão Também,"Maminha cozida marinada no vinho tinto, servida com molho madeira, acompanhada de purê de abóbora moranga com bacon frito triturado e chips de massa de lasanha.","Avenida Doutor Cristiano Guimarães, 1258 | Planalto, Belo Horizonte – MG",
Geraldin da Cida,https://comidadibuteco.com.br/buteco/geraldin-da-cida/,"Sô mineiro, uai!",Alcatra com farofa de jiló com bacon. Acompanha uma sobremesa de doce de leite com castanha e bacon.,"Rua Contria, 1459 | Grajaú, Belo Horizonte – MG",
Golden Grill,https://comidadibuteco.com.br/buteco/golden-grill/,Costelão dos Deuses,"Costelão de boi marinado em ervas finas acompanhado de purê de mandioca aligot, farofa crocante e molho agridoce especial.","Rua Amílcar Cabral, 515 | Milionários, Belo Horizonte – MG",
Iracema Bar,https://comidadibuteco.com.br/buteco/iracema-bar/,Harumaki de Carne de Panela,"Harumaki, também conhecido como rolinho primavera, recheado com uma carne de panela cozida com especiarias. Servido com um molho agridoce e picante.","Rua Almandina, 56 | Santa Teresa, Belo Horizonte – MG",
Ivo Grill,https://comidadibuteco.com.br/buteco/ivo-grill/,Kafajeste,"Kafta defumada na brasa harmonizada com sour cream, geleia de pimentas vermelhas e cebola em tiras crocantes.","Rua Professor Tristão da Cunha, 183 | Planalto, Belo Horizonte – MG",
Já To Inno,https://comidadibuteco.com.br/buteco/3165-revision-v1/,Moderação,"Kafta de lata, acompanhada de caponata de tomate com bacon e linguiça regados com angu à moda da casa gratinado com queijo.","Rua Benjamim Dias, 379 | Barreiro, Belo Horizonte – MG",
Juzé Bar,https://comidadibuteco.com.br/buteco/juze-bar/,"Macaxeira no buraco quente, com sabor de quero+","Carne cozida desfiada ao molho, servida na panhoca, acompanhada de macaxeira cozida na manteiga de garrafa ao alho e cebola caramelizada.","Rua Carlos Sá, 180 | Jardim Atlântico, Belo Horizonte – MG",Loja 5
Köbes Emporium Bar,https://comidadibuteco.com.br/buteco/kobes-emporium-bar/,Asas da Imaginação,"Asas de porco com molho à moda da casa, sobre purê de batata com açafrão.","Rua Professor Raimundo Nonato, 31 | Santa Tereza, Belo Horizonte – MG",A
Koqueiros Bar,https://comidadibuteco.com.br/buteco/3169-revision-v1/,"Duvidei, mas amei!","Berinjela empanada e frita servida ao molho à bolonhesa em uma cama de requeijão cremoso, coberta de muçarela. Acompanha pasteizinhos de vento da casa.","Avenida Silviano Brandão, 1293 | Sagrada Família, Belo Horizonte – MG",
Lá Ele Bar,https://comidadibuteco.com.br/buteco/la-ele-bar/,Peitin Moído,"Maçã de peito cozida com legumes, acompanhada de farofa da casa, LAELEgrete e pão.","Av. General Carlos Guedes, 165 | Planalto, Belo Horizonte – MG",169 Loja de esquina
Leo da Quadra,https://comidadibuteco.com.br/buteco/leo-da-quadra/,Lembe os beiço,"Bisteca bovina, acompanhada de pirão e torradas.","Rua Oliveira Lisboa, 107 | Barreiro, Belo Horizonte – MG",
Locomotiva’s Bar,https://comidadibuteco.com.br/buteco/locomotivas-bar-2/,CUPIM: Embriagado e trouxa,"Trouxinha recheada com cupim marinado na cachaça e queijo canastra, acompanha maionese de alho.","Rua Carmésia, 568 | Santa Inês, Belo Horizonte – MG",
Magnífico Quintal,https://comidadibuteco.com.br/buteco/magnifico-quintal/,Cocoricó,"Frango assado com molho, batata recheada e pepino agridoce.","Rua Jefferson de Oliveira, 56 | Santa Amélia, Belo Horizonte – MG",
Magrelo’s Bar,https://comidadibuteco.com.br/buteco/magrelos-bar-2/,Amigos do Peito,"Maçã de peito marinada em vinho tinto com ervas aromáticas, servida com polenta cremosa gratinada com queijo canastra e bolinhos de aipim, acompanhados de aioli de rúcula fresco.","Avenida Serrana, 635 | Serrano, Belo Horizonte – MG",
Mamute Bar,https://comidadibuteco.com.br/buteco/mamute-gastrobar/,C Tá de Parabéns!,"Bife rolê recheado com cenoura e carne de linguiça acompanhado de batata sauté, couve crispy e farofa da vovó.","Rua Brás Cubas, 116 | Cruzeiro, Belo Horizonte – MG",
Marina’s Bar,https://comidadibuteco.com.br/buteco/marinas-bar/,Estrem voa!,"Asinha de frango frita, marinada na laranja e ervas, coberta de queijo muçarela, acompanhada com creme de alho-poró e gengibre picante e fritas.","Rua José Baroni, 13 | Santa Efigênia, Belo Horizonte – MG",
Mineiros Beer,https://comidadibuteco.com.br/buteco/mineiros-beer/,Costela de Romeu e Julieta,"Costelinha suína assada lentamente, servida com molho de queijo canastra, barbecue de goiabada e farofa torrada.","Rua Romualdo Lopes Cançado, 399 | Castelo, Belo Horizonte – MG",
Mulão,https://comidadibuteco.com.br/buteco/3177-revision-v1/,Mullé,"Chã de fora recheada com calabresa no molho de cebola caramelizada no açúcar queimado. Acompanha purê de batatas, pimenta-biquinho, cebolinha.","Rua Marambaia, 291 | Caiçara, Belo Horizonte – MG",
Nosso Spetim,https://comidadibuteco.com.br/buteco/nosso-spetim/,Língua de Dois Amores,"Língua ao molho madeira, com fatia de pães e um espetinho de medalhão de batata recheada com queijo minas acompanhado de geleia biquinho.","Rua dos Astecas, 3219 | Santa Mônica, Belo Horizonte – MG",
O Fino do Alho,https://comidadibuteco.com.br/buteco/o-fino-do-alho/,SôdaTerra,"Carne de panela, temperada com especiarias, acompanhada de mandioca cozida no suco de beterraba e açafrão, finalizada com crispy de bacon e banana-da-terra.","Rua Capitão Sérgio Pires, 41 | Minascaixa, Belo Horizonte – MG",
Oratório Bar,https://comidadibuteco.com.br/buteco/oratorio-bar/,Costela de Adão,"Costelinha de porco assada, finalizada com molho barbecue e guarnecida em cama de farofa crocante, acompanhada de uma maçã caramelizada.","Avenida Brasil, 161 | Santa Efigênia, Belo Horizonte – MG",
Parada 10.95 Bar,https://comidadibuteco.com.br/buteco/parada-10-95-bar/,Parada Holandesa,Uma adaptação do tradicional prato belgo-holandês carbonnade flamande. Carne bovina marinada na cerveja e cozida lentamente. Acompanha purê de mandioca e batata crocante.,"Avenida dos Engenheiros, 1095 | Alípio de Melo, Belo Horizonte – MG",
Parada do Sabor,https://comidadibuteco.com.br/buteco/parada-do-sabor/,Coração do Parada,"Coração de boi recheado com: bacon, linguiça, cenoura. Acompanha farofa, batata bolinha assada e molho glace.","Avenida General Carlos Guedes, 346 | Planalto, Belo Horizonte – MG",Loja A
Pé de Cana,https://comidadibuteco.com.br/buteco/pe-de-cana/,É PRAAATA!!!É PRAAAATA!!,"Bolo suíno recheado de queijo, acompanhado de molho de tomate, cobertura de muçarela e “confetes” de tomate, batatinha e cebola assadas.","Rua Flórida, 15 | Sion, Belo Horizonte – MG",
Pé de Goiaba,https://comidadibuteco.com.br/buteco/3179-revision-v1/,Bodas de Prata – 25 ANOS JUNTOS,"Lombo com queijo ao molho de abacaxi picante, farofa de bacon, torresminho à pururuca e couve.","Avenida Amazonas, 4676 | Nova Suíssa, Belo Horizonte – MG","ou Rua Castro Alves, 195"
Planeta Lúpulo,https://comidadibuteco.com.br/buteco/planeta-lupulo/,Cestinha das Gerais,"Cestinhas de massa crocante recheadas com aligot de batata e queijo e fraldinha cozida na cerveja stout. Acompanhadas com biscoitos de queijo, farofa de bacon e couve crispy.","Avenida Guarapari, 108 | Santa Amélia, Belo Horizonte – MG",
PoiZé Bar e Petisqueira,https://comidadibuteco.com.br/buteco/poize-bar-e-petisqueira/,Aparecidinho do Zé,Versão desconstruída do escondidinho. Creme de moranga com carne do sertão e cebola. Acompanha molho de cebola roxa.,"Rua Pium-I, 686 | Cruzeiro, Belo Horizonte – MG","Loja 2, 3, 4 e 5"
Prado Beer,https://comidadibuteco.com.br/buteco/prado-beer/,Amontadinho,"Angu com carne de panela, chips de jiló e molho à base de milho e cachaça.","Avenida Francisco Sá, 590 | Prado, Belo Horizonte – MG",
Prosa Boa,https://comidadibuteco.com.br/buteco/prosa-boa/,Roendo até os ossos,"Costela bovina braseada, acompanhada de batatinhas temperadas, antepasto de azeitonas e tomatinhos e farofa crocante de bacon.","Avenida Doutor Cristiano Guimarães, 1480 | Planalto, Belo Horizonte – MG",
Quinteiro Bar e Restaurante,https://comidadibuteco.com.br/buteco/quinteiro-bar-e-restaurante/,Vou comer seu bolo,"Massa de fubá com queijo, patinho desfiado com molho, tartar de tomate e cream cheese caseiro temperado.","Rua Salinas, 1008 | Floresta, Belo Horizonte – MG",
Quioxque Botequim Carioca,https://comidadibuteco.com.br/buteco/quioxque-butiquim-carioca/,Estamos de Parabéns,Bolo de mandioca na manteiga de garrafa recheado com carne seca e cobertura de cebola caramelizada e glacê de fonduta de queijo,"Rua Henrique Badaró Portugal, 157 | Buritis, Belo Horizonte – MG",
Quitandas da Tia Nice Bar,https://comidadibuteco.com.br/buteco/quitandas-da-tia-nice-bar/,QUÊ SÉ QUÉ!,"Disco de carne recheada com provolone, acompanhado de molhos especiais da casa e cachaça artesanal.","Rua Alabastro, 146 | Sagrada Família, Belo Horizonte – MG",Loja 2
Rancho do Manoel,https://comidadibuteco.com.br/buteco/rancho-do-manoel/,Trem Bão Sô!,Maçã de peito acompanhada de purê de moranga e farofa da casa.,"Rua Isabel Bueno, 1100 | Jaraguá, Belo Horizonte – MG",
Recanto Vovó Tela,https://comidadibuteco.com.br/buteco/5701-revision-v1/,DE “25” 10 TMJ,"Picanha suína assada, marinada em limão pepper e páprica picante, acompanhada de minicebola empanada, farofa de ervilha e chutney de abacaxi com pimenta-dedo-de-moça.","Rua Tenente Marino Freire, 270 | Maria Helena, Belo Horizonte – MG",
Regis Bar,https://comidadibuteco.com.br/buteco/regis-bar/,Trio parada dura,Costelinha ao molho de abacaxi com mandioca e cebola.,"Avenida Vinte e Oito de Setembro, 872 | Esplanada, Belo Horizonte – MG",
Rei do Peixe,https://comidadibuteco.com.br/buteco/rei-do-peixe/,Bolinhos Bodas de Prata,"Bolinho de tilápia recheado com tilápia e queijo, acompanhado com molho verde e geleia de pimenta.","Rua Ramalho Ortigão, 735 | Santa Branca, Belo Horizonte – MG",
Resenha da Naty,https://comidadibuteco.com.br/buteco/resenha-da-naty/,Trem Bão Demais Sô,"Bolinho de linguiça suína, recheado de muçarela e um toque de limão para finalizar.","Rua Gonçalves Ledo, 288 | Cachoeirinha, Belo Horizonte – MG",
Restaurante Jorge Americano,https://comidadibuteco.com.br/buteco/restaurante-jorge-americano/,Rabada do Jorge Americano,"Rabada ensopada, servido com batata bolinha. Acompanhada de farofa de torresmo e vinagrete de agrião.","Avenida Augusto de Lima, 744 | Centro, Belo Horizonte – MG",Loja 150 – Mercado Central
S.O.S PUB,https://comidadibuteco.com.br/buteco/s-o-s-pub/,Socorro do Mineiro,"Enroladinho de sururu com batata, enroladinho de lombo de porco com abacaxi cozido, enroladinho de feijoada e um miniempadão de frango e pernil com linguiça molhadinho. Todos acompanhados pelo molho especial da casa.","Rua Padre José Maurício, 1126 | Vista Alegre, Belo Horizonte – MG",
Santa Boemia,https://comidadibuteco.com.br/buteco/santa-boemia/,Sextou BB!,"Bolinhos de feijoada, recheados com calabresa e couve, acompanhados de torresminho pururuca, vinagrete da casa, laranja e uma dose de cachaça.","Rua Mármore, 534 | Santa Tereza, Belo Horizonte – MG",Loja 5
Santuário Retrô,https://comidadibuteco.com.br/buteco/santuario-retro/,Presentim Retrô,"Trouxinhas de lombo suculento, marinado por 12 horas no tempero da casa com especiarias, envolto em fatias de bacon e recheado com surpresas inspiradas nos ingredientes das edições históricas do Comida di Buteco.","Avenida Padre Vieira, 150 | Minas Brasil, Belo Horizonte – MG",
Seu Braz,https://comidadibuteco.com.br/buteco/seu-braz/,Contrafilé flambado na cachaça,"Contrafilé flambado na cachaça ao creme, acompanhado de mandioca na manteiga de garrafa com queijo gratinado e bacon crocante.","Avenida Portugal, 4325 | Itapoã, Belo Horizonte – MG",2º andar
Silvio’s Bar,https://comidadibuteco.com.br/buteco/silvios-bar/,Frangônia,"Coxinha da asa de frango empanada, acompanha batata rústica e molho parmesão e ervas.","Rua Begônia, 199 | Esplanada, Belo Horizonte – MG",
Sinhá Erozitha Bistrôteco,https://comidadibuteco.com.br/buteco/sinha-erozitha-bistroteco/,"Êêêê, lasqueira!!!",Panturrilha suína no seu molho com legumes grelhados.,"Rua Santo Amaro, 257 | Sagrada Família, Belo Horizonte – MG",
Sô Bar,https://comidadibuteco.com.br/buteco/so-bar/,Sô o Mio,"Maçã de peito com batatas cozidas, farofa de torresmo e espetinho de torresmo de barriga com pimenta agridoce.","Avenida Altamiro Avelino Soares, 426 | Castelo, Belo Horizonte – MG",Lojas 2 e 3
Spetim,https://comidadibuteco.com.br/buteco/spetim/,Tá na boca do povo,"Língua de boi, fatiada bem fininha, num encorpado molho de tomate e manjericão, acompanhada por um mineiríssimo angu de moinho d’água e mostarda passadinha na panela.","Rua Ilacir Pereira Lima, 518 | Silveira, Belo Horizonte – MG",
Tanganica Art Bar,https://comidadibuteco.com.br/buteco/tanganica-art-bar/,Vegano colorido,"Kibes de beterraba recheados com requeijão vegano, fuxicos de inhame com alho poró, pasteizinhos com recheio de chimeji preto e croquetinhos de abóbora vermelha recheados com ora-pro-nóbis.","Rua Padre Demerval Gomes, 380 | Coração Eucarístico, Belo Horizonte – MG",Entrada pela garagem
The Butcher,https://comidadibuteco.com.br/buteco/the-butcher/,Panela de Prata – 25 anos,"Versão do goulash, prato típico húngaro, mas com toque mineiro. Carne ensopada com fatias de pão.","Avenida Ressaca, 353 | Coração Eucarístico, Belo Horizonte – MG",
Toca do Ogro,https://comidadibuteco.com.br/buteco/toca-do-ogro/,Ripa de Prata,Picolé Mineiro – Costelinha suína com pele e osso. Acompanhada de purê de mandioca e crispy de couve.,"Rua Professor Nelson de Sena, 4 | Pampulha, Belo Horizonte – MG",
Toninho – Alto Forno,https://comidadibuteco.com.br/buteco/5706-revision-v1/,Joelho da Lili,"Joelho de porco ao molho da Lili, acompanhado de polenta com queijo frita e farofa de Neston.","Rua Miracema, 100 | Santo André, Belo Horizonte – MG",
Tropeiro do Lisboa,https://comidadibuteco.com.br/buteco/tropeiro-do-lisboa/,Caldeirão do Mignon,"Filé-mignon selado, acompanhado de batatas rústicas ao molho da casa.","Avenida Leontino Francisco Alves, 506 | Serra Verde (Venda Nova), Belo Horizonte – MG",
Us Motoca,https://comidadibuteco.com.br/buteco/3187-revision-v1/,Bodas de Prata,"Polpetas de carne recheadas com queijo, servido sobre aligot de batata e molho de tomates rústico, gratinado e guarnecido de crispy de jiló e picles de cebola-roxa.","Rua Blenda, 91 | Camargos, Belo Horizonte – MG",
Xambar,https://comidadibuteco.com.br/buteco/xambar/,Mineirin Oriental,"Miolo de acém assado na pressão, acompanhado de mandioca cozida na manteiga e farofa de banana da terra","Avenida Augusto de Lima, 233 | Centro, Belo Horizonte – MG","Edifício Maleta, 2º Andar, Lojas 7 e 10"
Xico da Kafua,https://comidadibuteco.com.br/buteco/xico-da-kafua/,Pé na areia,"Mão suína, acompanhada de farofa crocante de soja tostada com farinha de biju e torradas com azeite.","Avenida Itaú, 1195 – Loja A | João Pinheiro, Belo Horizonte – MG",
Xico do Churrasco,https://comidadibuteco.com.br/buteco/xico-do-churrasco/,Xico Balaio,Asinhas de frango com provolone com tempero.,"Av Altamiro avelino Soares, 920 | Castelo, Belo Horizonte – MG",
Zé Bolacha,https://comidadibuteco.com.br/buteco/ze-bolacha/,Rabicó,"Bolinho de costelinha desfiada com requeijão e muçarela, empanada no panko com molho de laranja e mel.","Rua das Melancias, 35 | Vila Cloris, Belo Horizonte – MG",
Zoo Bar,https://comidadibuteco.com.br/buteco/zoo-bar/,Canjiquinha da Vovó,"Canjiquinha à moda da vovó, acompanhada de costelinha de porco e vinagrete de pimenta.","Avenida Otacílio Negrão de Lima, 7844 | Pampulha, Belo Horizonte – MG",
